Sequence,Description,MilestoneName,PageSections,Module,UITrigger,Method,DialogUi,Notes,DefaultWorkFlowSource,DefaultCompleteDestination,DefaultWorklowHandshake,,Category,LanguageName,OCRLanguage,BookMarkdown,WorkflowFullPath,CompleteFullPath,,,,,PageSections,CulumnNumbers,Languages,OCRLanguages,ColumnSections,RowSections
SSHF,stage pdf source pages handshake for front matter,src_pages_front_matter_staged,FrontSection,MyPixler,actionStage_pdf.triggered,actionstage_pdf,StageDialog,See Note 5,Model/Project/Images/MyPixler/VerseSections/Workflow/1_pdf_front_src_pages_staged,Model/Project/Images/MyPixler/VerseSections/Complete/1_pdf_front_src_pages_staged,Model/Project/Images/MyPixler/VerseSections/Workflow/2_pdf_front_src_pages_extracted
ES2F,extract pdf source pages to front matter pages,src_pages_front_matter_extracted,FrontSection,MyPixler,actionExtract_pdf.triggered,actionextract_pdf,ExtractDialog,See Notes 1-4,Model/Project/Images/MyPixler/VerseSections/Workflow/2_pdf_front_src_pages_extracted,Model/Project/Images/MyPixler/VerseSections/Complete/2_pdf_front_src_pages_extracted,Model/Project/Images/MyPixler/VerseSections/Workflow/3_pdf_front_src_pages_for_tif,,Source Page Images,Greek,feg,_book_40_Matthew,,,,,,,HeaderSections,col1,Greek,grc,LeftHeader,Page & Book
EF4T,extract pdf front matter pages for tif,front_matter_pages_extracted_for_tif,FrontSection,MyPixler,actionpdf_For_tiff.triggered,actionpdf_for_tiff,pdf4tifDialog,,Model/Project/Images/MyPixler/VerseSections/Workflow/3_pdf_front_src_pages_for_tif,Model/Project/Images/MyPixler/VerseSections/Complete/3_pdf_front_src_pages_for_tif,Model/Project/Images/MyPixler/VerseSections/Workflow/4_pdf_front_src_pages_to_tif,,Source Page Images,Greek,feg,_book_40_Matthew,,,,,,,MarginSections,col2,Latin,lat,MiddleHeader,Title
4T2T,convert pdf front matter pages to tif,front_matter_pages_converted_to_tif,FrontSection,MyPixler,actionpdf_To_tiff.triggered,actionpdf_to_tiff,pdf2tifDialog,,Model/Project/Images/MyPixler/VerseSections/Workflow/4_pdf_front_src_pages_to_tif,Model/Project/Images/MyPixler/VerseSections/Complete/4_pdf_front_src_pages_to_tif,Model/Project/Images/MyPixler/VerseSections/Workflow/5_tif_front_src_pages_indexed,,Source Page Images,Greek,feg,_book_40_Matthew,,,,,,,VerseSections,col3,Hebrew,osd,RightHeader,Book & Page
2T2I,convert tif front matter pages to indexed,front_matter_tif_pages_indexed,FrontSection,MyPixler,actiontiff_indexed.triggered,actiontiff_to_mono,tif2monoDialog,,Model/Project/Images/MyPixler/VerseSections/Workflow/5_tif_front_src_pages_indexed,Model/Project/Images/MyPixler/VerseSections/Complete/5_tif_front_src_pages_indexed,Model/Project/Images/MyPixler/VerseSections/Workflow/6_tif_front_src_pages_cleaned,,Source Page Images,Greek,feg,_book_40_Matthew,,,,,,,FooterSections,col4,English,eng,LeftMargin,Chapter:Verse
MI2C,modify tif indexed front matter pages to clipped,front_matter_tif_pages_clipped,FrontSection,MyPixler,actionClipRefImg.triggered,clip,ImagePreviewDialog,,Model/Project/Images/MyPixler/VerseSections/Workflow/6_tif_front_src_pages_cleaned,Model/Project/Images/MyPixler/VerseSections/Complete/6_tif_front_src_pages_cleaned,,,Source Page Images,Greek,feg,_book_40_Matthew,,,,,,,,,,ell,MiddleMargin,Reference
MC2E,modify tif indexed front matter pages to erased,front_matter_tif_pages_erased,FrontSection,MyPixler,actionErase.triggered,erase,ImagePreviewDialog,,Model/Project/Images/MyPixler/VerseSections/Workflow/6_tif_front_src_pages_cleaned,Model/Project/Images/MyPixler/VerseSections/Complete/6_tif_front_src_pages_cleaned,,,Source Page Images,Greek,feg,_book_40_Matthew,,,,,,,,,,feg,RightMargin,Chapter
AE2C,autosplit tif indexed front matter book pages to column boxes,front_matter_tif_pages_to_columns_boxed,FrontSection,MyBoxer,actionAuto_Crop_Languages.triggered,actionCrop_Languages,crop_languagesDialog,See Note 6,,,,,Source Page Images,Greek,feg,_book_40_Matthew,,,,,,,,,,,LeftVerse,Verse
CA2C,correct autosplit tif indexed front matter pages to column boxes,front_matter_col_tif_pages_page_boxed,FrontSection,MyBoxer,actionManually_Crop_Page.triggered,pagebox_make_split,MyBoxerUI,,,,,,Source Page Images,Greek,feg,_book_40_Matthew
SSHM,stage pdf source pages handshake for middle matter,src_pages_middle_matter_staged,MiddleSections,MyPixler,actionStage_pdf.triggered,actionstage_pdf,StageDialog,See Note 5,Model/Project/Images/MyPixler/VerseSections/Workflow/7_pdf_middle_src_pages_staged,Model/Project/Images/MyPixler/VerseSections/Complete/7_pdf_middle_src_pages_staged,Model/Project/Images/MyPixler/VerseSections/Workflow/8_pdf_middle_src_pages/_book_40_Matthew,,Source Page Images,Greek,feg,_book_40_Matthew
ES2M,extract pdf source pages to middle matter pages,src_pages_middle_matter_extracted,MiddleSections,MyPixler,actionExtract_pdf.triggered,actionextract_pdf,ExtractDialog,See Notes 1-4,Model/Project/Images/MyPixler/VerseSections/Workflow/8_pdf_middle_src_pages/_book_40_Matthew,Model/Project/Images/MyPixler/VerseSections/Complete/8_pdf_middle_src_pages/_book_40_Matthew,Model/Project/Images/MyPixler/VerseSections/Workflow/9_pdf_middle_book_src_pages_extracted/_book_40_Matthew,,Source Page Images,Greek,feg,_book_40_Matthew,,,,,,,,,,,MiddleVerse,Verse
EM2B,extract pdf middle matter pages to books,middle_matter_pages_extracted_to_books,MiddleSections,MyPixler,actionExtract_pdf.triggered,actionextract_pdf,ExtractDialog,,Model/Project/Images/MyPixler/VerseSections/Workflow/9_pdf_middle_book_src_pages_extracted/_book_40_Matthew,Model/Project/Images/MyPixler/VerseSections/Complete/9_pdf_middle_book_src_pages_extracted/_book_40_Matthew,Model/Project/Images/MyPixler/VerseSections/Workflow/10_pdf_middle_book_src_pages_for_tif/_book_40_Matthew,,Source Page Images,Greek,feg,_book_40_Matthew,,,,,,,,,,,RightVerse,Verse
EB4T,extract pdf middle matter book pages for tif,middle_matter_pages_extracted_for_tif,MiddleSections,MyPixler,actionpdf_For_tiff.triggered,actionpdf_for_tiff,pdf4tifDialog,,Model/Project/Images/MyPixler/VerseSections/Workflow/10_pdf_middle_book_src_pages_for_tif/_book_40_Matthew,Model/Project/Images/MyPixler/VerseSections/Complete/10_pdf_middle_book_src_pages_for_tif/_book_40_Matthew,Model/Project/Images/MyPixler/VerseSections/Workflow/11_pdf_middle_book_src_pages_to_tif/_book_40_Matthew,,Source Page Images,Greek,feg,_book_40_Matthew,,,,,,,,,,,LeftFooter,Comment
4T2T,convert pdf middle matter book pages to tif,middle_matter_pages_converted_to_tif,MiddleSections,MyPixler,actionpdf_To_tiff.triggered,actionpdf_to_tiff,pdf2tifDialog,,Model/Project/Images/MyPixler/VerseSections/Workflow/11_pdf_middle_book_src_pages_to_tif/_book_40_Matthew,Model/Project/Images/MyPixler/VerseSections/Workflow/11_pdf_middle_book_src_pages_to_tif/_book_40_Matthew,Model/Project/Images/MyPixler/VerseSections/Workflow/12_tif_middle_book_src_pages_indexed/_book_40_Matthew,,Source Page Images,Greek,feg,_book_40_Matthew,,,,,,,,,,,MiddleFooter,Annotation
2T2I,convert tif middle matter book pages to indexed,middle_matter_tif_pages_indexed,MiddleSections,MyPixler,actiontiff_indexed.triggered,actiontiff_to_mono,tif2monoDialog,,Model/Project/Images/MyPixler/VerseSections/Workflow/12_tif_middle_book_src_pages_indexed/_book_40_Matthew,Model/Project/Images/MyPixler/VerseSections/Workflow/12_tif_middle_book_src_pages_indexed/_book_40_Matthew,Model/Project/Images/MyPixler/VerseSections/Workflow/13_tif_middle_book_src_pages_cleaned/_book_40_Matthew,,Source Page Images,Greek,feg,_book_40_Matthew,,,,,,,,,,,RightFooter,Comment
MI2C,modify tif indexed middle matter book pages to clipped,middle_matter_tif_pages_clipped,MiddleSections,MyPixler,actionClipRefImg.triggered,clip,ImagePreviewDialog,,Model/Project/Images/MyPixler/VerseSections/Workflow/13_tif_middle_book_src_pages_cleaned/_book_40_Matthew,Model/Project/Images/MyPixler/VerseSections/Complete/13_tif_middle_book_src_pages_cleaned/_book_40_Matthew,Model/Project/Images/MyPixler/VerseSections/Workflow/13_tif_middle_book_src_pages_cleaned/_book_40_Matthew,,Source Page Images,Greek,feg,_book_40_Matthew
MC2E,modify tif indexed middle matter book pages to erased,middle_matter_tif_pages_erased,MiddleSections,MyPixler,actionErase.triggered,erase,ImagePreviewDialog,,Model/Project/Images/MyPixler/VerseSections/Workflow/13_tif_middle_book_src_pages_cleaned/_book_40_Matthew,Model/Project/Images/MyPixler/VerseSections/Complete/13_tif_middle_book_src_pages_cleaned/_book_40_Matthew,Model/Project/Images/MyPixler/VerseSections/Workflow/14_pdf_verse_src_pages_staged/_book_40_Matthew,,Source Page Images,Greek,feg,_book_40_Matthew
AE2C,autosplit tif indexed middle matter book pages to column boxes,middle_matter_tif_pages_to_columns_boxed,MiddleSections,MyBoxer,actionAuto_Crop_Languages.triggered,actionCrop_Languages,crop_languagesDialog,See Note 6,,,,,Source Page Images,Greek,feg,_book_40_Matthew
CA2C,correct autosplit tif indexed middle matter book pages to column boxes,middle_matter_books_col_tif_pages_page_boxed,MiddleSections,MyBoxer,actionManually_Crop_Page.triggered,pagebox_make_split,MyBoxerUI,,,,,,Source Page Images,Greek,feg,_book_40_Matthew,Model/Project/Images/Workflow/Source/tif_black_white,Model/Project/Images/Complete/Source/tif_black_white
SSHV,stage pdf source pages handshake for verses,src_pages_verses_staged,VerseSections,MyPixler,actionStage_pdf.triggered,actionstage_pdf,StageDialog,See Note 5,Model/Project/Images/MyPixler/VerseSections/Workflow/14_pdf_verse_src_pages_staged/_book_40_Matthew,Model/Project/Images/MyPixler/VerseSections/Complete/14_pdf_verse_src_pages_staged/_book_40_Matthew,Model/Project/Images/MyPixler/VerseSections/Workflow/15_pdf_verse_book_src_pages/_book_40_Matthew,,Source Page Images,Greek,feg,_book_40_Matthew
ES2V,extract pdf source pages to verse pages,src_pages_verses_extracted,VerseSections,MyPixler,actionExtract_pdf.triggered,actionextract_pdf,ExtractDialog,See Notes 1-4,Model/Project/Images/MyPixler/VerseSections/Workflow/15_pdf_verse_book_src_pages/_book_40_Matthew,Model/Project/Images/MyPixler/VerseSections/Workflow/15_pdf_verse_book_src_pages/_book_40_Matthew,Model/Project/Images/MyPixler/VerseSections/Workflow/16_pdf_verse_book_src_pages_extracted/_book_40_Matthew,,Source Page Images,Greek,feg,_book_40_Matthew,Model/Project/Images/MyServer/source_images/pdf_acq_src_image,/Model/Project/Images/MyPixler/VerseSections/Complete/pdf_scripture_src_pages/_book_40_Matthew
EV2B,extract pdf verse pages to books,verse_pages_extracted_to_books,VerseSections,MyPixler,actionExtract_pdf.triggered,actionextract_pdf,ExtractDialog,,Model/Project/Images/MyPixler/VerseSections/Workflow/16_pdf_verse_book_src_pages_extracted/_book_40_Matthew,Model/Project/Images/MyPixler/VerseSections/Complete/16_pdf_verse_book_src_pages_extracted/_book_40_Matthew,Model/Project/Images/MyPixler/VerseSections/Workflow/17_pdf_verse_book_src_pages_for_tif/_book_40_Matthew,,Source Page Images,Greek,feg,_book_40_Matthew,/Model/Project/Images/MyPixler/VerseSections/Complete/pdf_scripture_src_pages/Source Page Images
EB4T,extract pdf verse book pages for tif,verse_books_pages_extracted_for_tif,VerseSections,MyPixler,actionpdf_For_tiff.triggered,actionpdf_for_tiff,pdf4tifDialog,,Model/Project/Images/MyPixler/VerseSections/Workflow/17_pdf_verse_book_src_pages_for_tif/_book_40_Matthew,Model/Project/Images/MyPixler/VerseSections/Complete/17_pdf_verse_book_src_pages_for_tif/_book_40_Matthew,Model/Project/Images/MyPixler/VerseSections/Workflow/18_pdf_verse_book_src_pages_to_tif/_book_40_Matthew,,Source Page Images,Greek,feg,_book_40_Matthew
4T2T,convert pdf verse book pages to tif,verse_books_pages_converted_to_tif,VerseSections,MyPixler,actionpdf_To_tiff.triggered,actionpdf_to_tiff,pdf2tifDialog,,Model/Project/Images/MyPixler/VerseSections/Workflow/18_pdf_verse_book_src_pages_to_tif/_book_40_Matthew,Model/Project/Images/MyPixler/VerseSections/Complete/18_pdf_verse_book_src_pages_to_tif/_book_40_Matthew,Model/Project/Images/MyPixler/VerseSections/Workflow/19_tif_verse_book_src_pages_indexed/_book_40_Matthew,,Source Page Images,Greek,feg,_book_40_Matthew
2T2I,convert tif verse book pages to indexed,verse_books_tif_pages_indexed,VerseSections,MyPixler,actiontiff_indexed.triggered,actiontiff_to_mono,tif2monoDialog,,Model/Project/Images/MyPixler/VerseSections/Workflow/19_tif_verse_book_src_pages_indexed/_book_40_Matthew,Model/Project/Images/MyPixler/VerseSections/Complete/19_tif_verse_book_src_pages_indexed/_book_40_Matthew,Model/Project/Images/MyPixler/VerseSections/Workflow/20_tif_verse_book_src_pages_cleaned/,,Source Page Images,Greek,feg,_book_40_Matthew
MI2C,modify tif indexed book pages to clipped,back_matter_tif_pages_clipped,VerseSections,MyPixler,actionClipRefImg.triggered,clip,ImagePreviewDialog,,Model/Project/Images/MyPixler/VerseSections/Workflow/20_tif_verse_book_src_pages_cleaned/_book_40_Matthew,Model/Project/Images/MyPixler/VerseSections/Complete/20_tif_verse_book_src_pages_cleaned/_book_40_Matthew,Model/Project/Images/MyPixler/VerseSections/Workflow/20_tif_verse_book_src_pages_cleaned/,,Source Page Images,Greek,feg,_book_40_Matthew,Model/Project/Images/Workflow/Source/pdf_pages_4tif,Model/Project/Images/Complete/Source/pdf_pages_4tif
MC2E,modify tif indexed book pages to erased,verse_books_tif_pages_erased,VerseSections,MyPixler,actionErase.triggered,erase,ImagePreviewDialog,,Model/Project/Images/MyPixler/VerseSections/Workflow/20_tif_verse_book_src_pages_cleaned/_book_40_Matthew,Model/Project/Images/MyPixler/VerseSections/Complete/20_tif_verse_book_src_pages_cleaned/_book_40_Matthew,:Model/Project/Images/MyPixler/VerseSections/Workflow/21_pdf_back_src_pages_staged/_book_40_Matthew,,Source Page Images,Greek,feg,_book_40_Matthew
AE2C,autosplit tif indexed book pages to column boxes,verse_books_tif_pages_to_columns_boxed,VerseSections,MyBoxer,actionAuto_Crop_Languages.triggered,actionCrop_Languages,crop_languagesDialog,See Note 6,,,,,Source Page Images,Greek,feg,_book_40_Matthew,Model/Project/Images/Workflow/Source/pdf_pages_2tif,Model/Project/Images/Complete/Source/pdf_pages_2tif
CA2C,correct autosplit tif indexed book pages to column boxes,verse_books_col_tif_pages_page_boxed,VerseSections,MyBoxer,actionManually_Crop_Page.triggered,pagebox_make_split,MyBoxerUI,,,,,,Source Page Images,Greek,feg,_book_40_Matthew,Model/Project/Images/Workflow/Source/tif_black_white,Model/Project/Images/Complete/Source/tif_black_white
SSHB,stage pdf source pages handshake for back matter,src_pages_back_matter_staged,BackSection,MyPixler,actionStage_pdf.triggered,actionstage_pdf,StageDialog,See Note 5,Model/Project/Images/MyPixler/VerseSections/Workflow/21_pdf_back_src_pages_staged/_book_40_Matthew,Model/Project/Images/MyPixler/VerseSections/Complete/21_pdf_back_src_pages_staged/_book_40_Matthew,Model/Project/Images/MyPixler/VerseSections/Workflow/22_pdf_back_src_pages_extracted/_book_40_Matthew,,Source Page Images,Greek,feg,_book_40_Matthew
ES2B,extract pdf source pages to back matter pages,src_pages_back_matter_extracted,BackSection,MyPixler,actionExtract_pdf.triggered,actionextract_pdf,ExtractDialog,See Notes 1-4,Model/Project/Images/MyPixler/VerseSections/Workflow/22_pdf_back_src_pages_extracted/_book_40_Matthew,Model/Project/Images/MyPixler/VerseSections/Complete/22_pdf_back_src_pages_extracted/_book_40_Matthew,Model/Project/Images/MyPixler/VerseSections/Workflow/23_pdf_back_src_pages_for_tif/_book_40_Matthew,,Source Page Images,Greek,feg,_book_40_Matthew
EB4T,extract pdf back matter pages for tif,back_matter_pages_extracted_for_tif,BackSection,MyPixler,actionpdf_For_tiff.triggered,actionpdf_for_tiff,pdf4tifDialog,,Model/Project/Images/MyPixler/VerseSections/Workflow/23_pdf_back_src_pages_for_tif/_book_40_Matthew,Model/Project/Images/MyPixler/VerseSections/Complete/23_pdf_back_src_pages_for_tif/_book_40_Matthew,Model/Project/Images/MyPixler/VerseSections/Workflow/24_pdf_back_src_pages_to_tif/_book_40_Matthew,,Source Page Images,Greek,feg,_book_40_Matthew
4T2T,convert pdf back matter pages to tif,back_matter_pages_converted_to_tif,BackSection,MyPixler,actionpdf_To_tiff.triggered,actionpdf_to_tiff,pdf2tifDialog,,Model/Project/Images/MyPixler/VerseSections/Workflow/24_pdf_back_src_pages_to_tif/_book_40_Matthew,Model/Project/Images/MyPixler/VerseSections/Complete/24_pdf_back_src_pages_to_tif/_book_40_Matthew,Model/Project/Images/MyPixler/VerseSections/Workflow/25_tif_back_src_pages_indexed/_book_40_Matthew,,Source Page Images,Greek,feg,_book_40_Matthew
2T2I,convert tif back matter pages to indexed,back_matter_tif_pages_indexed,BackSection,MyPixler,actiontiff_indexed.triggered,actiontiff_to_mono,tif2monoDialog,,Model/Project/Images/MyPixler/VerseSections/Workflow/25_tif_back_src_pages_indexed/_book_40_Matthew,Model/Project/Images/MyPixler/VerseSections/Complete/25_tif_back_src_pages_indexed/_book_40_Matthew,Model/Project/Images/MyPixler/VerseSections/Workflow/26_tif_back_src_pages_cleaned/_book_40_Matthew,,Source Page Images,Greek,feg,_book_40_Matthew
MI2C,modify tif indexed back matter pages to clipped,back_matter_tif_pages_clipped,BackSection,MyPixler,actionClipRefImg.triggered,clip,ImagePreviewDialog,,Model/Project/Images/MyPixler/VerseSections/Workflow/26_tif_back_src_pages_cleaned/_book_40_Matthew,Model/Project/Images/MyPixler/VerseSections/Complete/26_tif_back_src_pages_cleaned/_book_40_Matthew,,,Source Page Images,Greek,feg,_book_40_Matthew
MC2E,modify tif indexed back matter pages to erased,back_matter_tif_pages_erased,BackSection,MyPixler,actionErase.triggered,erase,ImagePreviewDialog,,Model/Project/Images/MyPixler/VerseSections/Workflow/26_tif_back_src_pages_cleaned/_book_40_Matthew,,,,Source Page Images,Greek,feg,_book_40_Matthew
AE2C,split tif indexed back matter pages to column boxes,back_matter_tif_pages_to_columns_boxed,BackSection,MyBoxer,actionAuto_Crop_Languages.triggered,actionCrop_Languages,crop_languagesDialog,See Note 6,,,,,Source Page Images,Greek,feg,_book_40_Matthew
CA2C,correct autosplit tif indexed back matter pages to column boxes,back_matter_col_tif_pages_page_boxed,BackSection,MyBoxer,actionManually_Crop_Page.triggered,pagebox_make_split,MyBoxerUI,,,,,,Source Page Images,Greek,feg,_book_40_Matthew
,,,,,,,,,,,,,Source Page Images
LP1,,,,MyBoxer,,,,,Model/Project/Images/Workflow/Source/tif_black_white_deskewed,tif_greek_pages_autosplit,,,Greek Page Images,,,_book_40_Matthew,Model/Project/Images/Workflow/Greek/tif_greek_pages_autosplit,Model/Project/Images/Complete/Greek/tif_greek_pages
LP2,,,,MyBoxer,,,,,Model/Project/Images/Workflow/Source/tif_greek_pages_autosplit,tif_greek_pages,,,Greek Page Images,,,_book_40_Matthew,Model/Project/Images/Workflow/Greek/tif_greek_pages,Model/Project/Images/Complete/Greek/tif_greek_pages
LL1,,,,MyBoxer,,,,,Model/Project/Images/Workflow/Greek/tif_greek_pages,tif_greek_lines_box,,,Greek LineBox Images,,,_book_40_Matthew,Model/Project/Images/Workflow/Greek/tif_greek_lines_box,Model/Project/Images/Complete/Greek/tif_greek_lines_box
LL2,,,,MyBoxer,,,,,Model/Project/Images/Workflow/Greek/tif_greek_pages,tif_greek_lines_autosplit,,,Greek Line Images,,,_book_40_Matthew,Model/Project/Images/Workflow/Greek/tif_greek_lines_autosplit,Model/Project/Images/Complete/Greek/tif_greek_lines_autosplit
LL3,,,,MyBoxer,,,,,Model/Project/Images/Workflow/Greek/tif_greek_lines_autosplit,tif_greek_lines_renamed,,,Greek Line Images,,,_book_40_Matthew,Model/Project/Images/Workflow/Greek/tif_greek_lines_renamed,Model/Project/Images/Complete/Greek/tif_greek_lines_renamed
LL4,,,,MyBoxer,,,,,Model/Project/Images/Workflow/Greek/tif_greek_lines_renamed,tif_greek_lines_renumbered,,,Greek Line Images,,,_book_40_Matthew,Model/Project/Images/Workflow/Greek/tif_greek_lines_renumbered,Model/Project/Images/Complete/Greek/tif_greek_lines_renumbered
LL5,,,,MyBoxer,,,,,Model/Project/Images/Workflow/Greek/tif_greek_lines_renamed,tif_greek_lines_4groundtruth,,,Greek Line Images,,,_book_40_Matthew,Model/Project/Images/Workflow/Greek/tif_greek_lines_4groundtruth,Model/Project/Images/Complete/Greek/tif_greek_lines_4groundtruth
LL6,,,,MyBoxer,,,,,Model/Project/Images/Workflow/Greek/tif_greek_lines_renumbered,tif_greek_lines_4groundtruth,,,Greek Line Images,,,_book_40_Matthew,Model/Project/Images/Workflow/Greek/tif_greek_lines_4groundtruth,Model/Project/Images/Complete/Greek/tif_greek_lines_4groundtruth
LL7,,,,MyBoxer,,,,,Model/Project/Images/Workflow/Greek/tif_greek_lines_4groundtruth,tif_greek_lines_2groundtruth,,,Greek Line Images,,,_book_40_Matthew,Model/Project/Images/Workflow/Greek/tif_greek_lines_2groundtruth,Model/Project/Images/Complete/Greek/tif_greek_lines_2groundtruth
LL8,,,,MyBoxer,,,,,Model/Project/Text/EstablishTruth/Greek/txt_greek_pages,txt_greek_lines_autosplit,,,Greek Lines Text,,,_book_40_Matthew,Model/Project/Text/EstablishTruth/Greek/txt_greek_lines_autosplit,Model/Project/Text/GroundTruth/Greek/txt_greek_lines_autosplit
LL9,,,,MyBoxer,,,,,Model/Project/Text/EstablishTruth/Greek/txt_greek_lines_autosplit,txt_greek_lines_renamed,,,Greek Lines Text,,,_book_40_Matthew,Model/Project/Text/EstablishTruth/Greek/txt_greek_lines_renamed,Model/Project/Text/GroundTruth/Greek/txt_greek_lines_renamed
LL10,,,,MyBoxer,,,,,Model/Project/Text/EstablishTruth/Greek/txt_greek_lines_renamed,txt_greek_lines_renumbered,,,Greek Lines Text,,,_book_40_Matthew,Model/Project/Text/EstablishTruth/Greek/txt_greek_lines_renumbered,Model/Project/Text/GroundTruth/Greek/txt_greek_lines_renumbered
LL11,,,,MyBoxer,,,,,Model/Project/Text/EstablishTruth/Greek/txt_greek_lines_renumbered,txt_greek_lines4groundtruth,,,Greek Lines Text,,,_book_40_Matthew,Model/Project/Text/EstablishTruth/Greek/txt_greek_lines4groundtruth,Model/Project/Text/GroundTruth/Greek/txt_greek_lines4groundtruth
LL12,,,,MyBoxer,,,,,Model/Project/Text/EstablishTruth/Greek/txt_greek_lines4groundtruth,txt_greek_lines2groundtruth,,,Greek Lines Text,,,_book_40_Matthew,Model/Project/Text/EstablishTruth/Greek/txt_greek_lines2groundtruth,Model/Project/Text/GroundTruth/Greek/txt_greek_lines2groundtruth
LT1,,,,MyBoxer,,,,,Model/Project/Images/Workflow/Greek/tif_greek_lines_autosplit,tif_greek_lines_4groundtruth,,,Greek Training Image,,,_book_40_Matthew,Model/Project/Images/Workflow/Greek/tif_greek_lines_4groundtruth,Model/Project/Training/staged_ground_truth
LT2,,,,MyBoxer,,,,,Model/Project/Text/EstablishTruth/Greek/txt_greek_lines_autosplit,/txt_greek_lines4groundtruth,,,Greek Training Text,,,_book_40_Matthew,Model/Project/Text/EstablishTruth/Greek/txt_greek_lines4groundtruth,Model/Project/Training/staged_ground_truth
LT4,,,,MyBoxer,,,,,Model/Project/Images/Workflow/Greek/tif_greek_lines_autosplit,tif_greek_lines_4groundtruth,,,Greek Line Images,,,_book_40_Matthew,Model/Project/Images/Workflow/Greek/tif_greek_lines_4groundtruth,Model/Project/Images/Complete/Greek/tif_greek_lines_renumbered
,,,,,,,,,,,,,,,,_book_40_Matthew
MP1,,,,MyBoxer,,,,,Model/Project/Images/Workflow/Source/tif_black_white_deskewed,tif_latin_pages_autosplit,,,Latin Page Images,,,_book_40_Matthew,Model/Project/Images/Workflow/Latin/tif_latin_pages_autosplit,Model/Project/Images/Complete/Latin/tif_latin_pages
MP2,,,,MyBoxer,,,,,Model/Project/Images/Workflow/Source/tif_latin_pages_autosplit,tif_latin_pages,,,Latin Page Images,,,_book_40_Matthew,Model/Project/Images/Workflow/Latin/tif_latin_pages,Model/Project/Images/Complete/Latin/tif_latin_pages
ML1,,,,MyBoxer,,,,,Model/Project/Images/Workflow/Latin/tif_latin_pages,tif_latin_lines_box,,,Latin LineBox Images,,,_book_40_Matthew,Model/Project/Images/Workflow/Latin/tif_latin_lines_box,Model/Project/Images/Complete/Latin/tif_latin_lines_box
ML2,,,,MyBoxer,,,,,Model/Project/Images/Workflow/Latin/tif_latin_pages,tif_latin_lines_autosplit,,,Latin Line Images,,,_book_40_Matthew,Model/Project/Images/Workflow/Latin/tif_latin_lines_autosplit,Model/Project/Images/Complete/Latin/tif_latin_lines_autosplit
ML3,,,,MyBoxer,,,,,Model/Project/Images/Workflow/Latin/tif_latin_lines_autosplit,tif_latin_lines_renamed,,,Latin Line Images,,,_book_40_Matthew,Model/Project/Images/Workflow/Latin/tif_latin_lines_renamed,Model/Project/Images/Complete/Latin/tif_latin_lines_renamed
ML4,,,,MyBoxer,,,,,Model/Project/Images/Workflow/Latin/tif_latin_lines_renamed,/tif_latin_lines_renumbered,,,Latin Line Images,,,_book_40_Matthew,Model/Project/Images/Workflow/Latin/tif_latin_lines_renumbered,Model/Project/Images/Complete/Latin/tif_latin_lines_renumbered
ML5,,,,MyBoxer,,,,,Model/Project/Images/Workflow/Latin/tif_latin_lines_renamed,tif_latin_lines_4groundtruth,,,Latin Line Images,,,_book_40_Matthew,Model/Project/Images/Workflow/Latin/tif_latin_lines_4groundtruth,Model/Project/Images/Complete/Latin/tif_latin_lines_4groundtruth
ML6,,,,MyBoxer,,,,,Model/Project/Images/Workflow/Latin/tif_latin_lines_renumbered,tif_latin_lines_4groundtruth,,,Latin Line Images,,,_book_40_Matthew,Model/Project/Images/Workflow/Latin/tif_latin_lines_4groundtruth,Model/Project/Images/Complete/Latin/tif_latin_lines_4groundtruth
ML7,,,,MyBoxer,,,,,Model/Project/Images/Workflow/Latin/tif_latin_lines_4groundtruth,tif_latin_lines_2groundtruth,,,Latin Line Images,,,_book_40_Matthew,Model/Project/Images/Workflow/Latin/tif_latin_lines_2groundtruth,Model/Project/Images/Complete/Latin/tif_latin_lines_2groundtruth
ML8,,,,MyBoxer,,,,,Model/Project/Text/EstablishTruth/Latin/txt_latin_pages,txt_greek_lines_autosplit,,,Latin Lines Text,,,_book_40_Matthew,Model/Project/Text/EstablishTruth/Latin/txt_latin_lines_autosplit,Model/Project/Text/GroundTruth/Latin/txt_latin_lines_autosplit
ML9,,,,MyBoxer,,,,,Model/Project/Text/EstablishTruth/Latin/txt_latin_lines_autosplit,txt_greek_lines_renamed,,,Latin Lines Text,,,_book_40_Matthew,Model/Project/Text/EstablishTruth/Latin/txt_latin_lines_renamed,Model/Project/Text/GroundTruth/Latin/txt_latin_lines_renamed
ML10,,,,MyBoxer,,,,,Model/Project/Text/EstablishTruth/Latin/txt_latin_lines_renamed,txt_latin_lines_renumbered,,,Latin Lines Text,,,_book_40_Matthew,Model/Project/Text/EstablishTruth/Latin/txt_latin_lines_renumbered,Model/Project/Text/GroundTruth/Latin/txt_latin_lines_renumbered
ML11,,,,MyBoxer,,,,,Model/Project/Text/EstablishTruth/Latin/txt_latin_lines_renumbered,txt_greek_lines4groundtruth,,,Latin Lines Text,,,_book_40_Matthew,Model/Project/Text/EstablishTruth/Latin/txt_latin_lines4groundtruth,Model/Project/Text/GroundTruth/Latin/txt_latin_lines4groundtruth
ML12,,,,MyBoxer,,,,,Model/Project/Text/EstablishTruth/Latin/txt_latin_lines4groundtruth,txt_greek_lines2groundtruth,,,Latin Lines Text,,,_book_40_Matthew,Model/Project/Text/EstablishTruth/Latin/txt_latin_lines2groundtruth,Model/Project/Text/GroundTruth/Latin/txt_latin_lines2groundtruth
,,,,MyBoxer,,,,,Model/Project/Images/Workflow/Latin/tif_latin_lines_autosplit,tif_latin_lines_4groundtruth,,,Latin Training Image,,,_book_40_Matthew,Model/Project/Images/Workflow/Latin/tif_latin_lines_4groundtruth,Model/Project/Training/staged_ground_truth
MT1,,,,MyBoxer,,,,,Model/Project/Text/EstablishTruth/Latin/txt_latin_lines_autosplit,txt_latin_lines4groundtruth,,,Latin Training Text,,,_book_40_Matthew,Model/Project/Text/EstablishTruth/Latin/txt_latin_lines4groundtruth,Model/Project/Training/staged_ground_truth
MT2
RP1,,,,MyBoxer,,,,,Model/Project/Images/Workflow/Source/tif_black_white_deskewed,tif_latin_pages_autosplit,,,Latin Page Images,,,_book_40_Matthew,Model/Project/Images/Workflow/Latin/tif_latin_pages_autosplit,Model/Project/Images/Complete/Latin/tif_latin_pages
RP2,,,,MyBoxer,,,,,Model/Project/Images/Workflow/Source/tif_latin_pages_autosplit,tif_latin_pages,,,Latin Page Images,,,_book_40_Matthew,Model/Project/Images/Workflow/Latin/tif_latin_pages,Model/Project/Images/Complete/Latin/tif_latin_pages
RL1,,,,MyBoxer,,,,,Model/Project/Images/Workflow/Latin/tif_latin_pages,tif_latin_lines_box,,,Latin LineBox Images,,,_book_40_Matthew,Model/Project/Images/Workflow/Latin/tif_latin_lines_box,Model/Project/Images/Complete/Latin/tif_latin_lines_box
RL2,,,,MyBoxer,,,,,Model/Project/Images/Workflow/Latin/tif_latin_pages,tif_latin_lines_autosplit,,,Latin Line Images,,,_book_40_Matthew,Model/Project/Images/Workflow/Latin/tif_latin_lines_autosplit,Model/Project/Images/Complete/Latin/tif_latin_lines_autosplit
RL3,,,,MyBoxer,,,,,Model/Project/Images/Workflow/Latin/tif_latin_lines_autosplit,tif_latin_lines_renamed,,,Latin Line Images,,,_book_40_Matthew,Model/Project/Images/Workflow/Latin/tif_latin_lines_renamed,Model/Project/Images/Complete/Latin/tif_latin_lines_renamed
RL4,,,,MyBoxer,,,,,Model/Project/Images/Workflow/Latin/tif_latin_lines_renamed,/tif_latin_lines_renumbered,,,Latin Line Images,,,_book_40_Matthew,Model/Project/Images/Workflow/Latin/tif_latin_lines_renumbered,Model/Project/Images/Complete/Latin/tif_latin_lines_renumbered
RL5,,,,MyBoxer,,,,,Model/Project/Images/Workflow/Latin/tif_latin_lines_renamed,tif_latin_lines_4groundtruth,,,Latin Line Images,,,_book_40_Matthew,Model/Project/Images/Workflow/Latin/tif_latin_lines_4groundtruth,Model/Project/Images/Complete/Latin/tif_latin_lines_4groundtruth
RL6,,,,MyBoxer,,,,,Model/Project/Images/Workflow/Latin/tif_latin_lines_renumbered,tif_latin_lines_4groundtruth,,,Latin Line Images,,,_book_40_Matthew,Model/Project/Images/Workflow/Latin/tif_latin_lines_4groundtruth,Model/Project/Images/Complete/Latin/tif_latin_lines_4groundtruth
RL7,,,,MyBoxer,,,,,Model/Project/Images/Workflow/Latin/tif_latin_lines_4groundtruth,tif_latin_lines_2groundtruth,,,Latin Line Images,,,_book_40_Matthew,Model/Project/Images/Workflow/Latin/tif_latin_lines_2groundtruth,Model/Project/Images/Complete/Latin/tif_latin_lines_2groundtruth
RL8,,,,MyBoxer,,,,,Model/Project/Text/EstablishTruth/Latin/txt_latin_pages,txt_greek_lines_autosplit,,,Latin Lines Text,,,_book_40_Matthew,Model/Project/Text/EstablishTruth/Latin/txt_latin_lines_autosplit,Model/Project/Text/GroundTruth/Latin/txt_latin_lines_autosplit
RL9,,,,MyBoxer,,,,,Model/Project/Text/EstablishTruth/Latin/txt_latin_lines_autosplit,txt_greek_lines_renamed,,,Latin Lines Text,,,_book_40_Matthew,Model/Project/Text/EstablishTruth/Latin/txt_latin_lines_renamed,Model/Project/Text/GroundTruth/Latin/txt_latin_lines_renamed
RL10,,,,MyBoxer,,,,,Model/Project/Text/EstablishTruth/Latin/txt_latin_lines_renamed,txt_latin_lines_renumbered,,,Latin Lines Text,,,_book_40_Matthew,Model/Project/Text/EstablishTruth/Latin/txt_latin_lines_renumbered,Model/Project/Text/GroundTruth/Latin/txt_latin_lines_renumbered
RL11,,,,MyBoxer,,,,,Model/Project/Text/EstablishTruth/Latin/txt_latin_lines_renumbered,txt_greek_lines4groundtruth,,,Latin Lines Text,,,_book_40_Matthew,Model/Project/Text/EstablishTruth/Latin/txt_latin_lines4groundtruth,Model/Project/Text/GroundTruth/Latin/txt_latin_lines4groundtruth
RL12,,,,MyBoxer,,,,,Model/Project/Text/EstablishTruth/Latin/txt_latin_lines4groundtruth,txt_greek_lines2groundtruth,,,Latin Lines Text,,,_book_40_Matthew,Model/Project/Text/EstablishTruth/Latin/txt_latin_lines2groundtruth,Model/Project/Text/GroundTruth/Latin/txt_latin_lines2groundtruth
,,,,MyBoxer,,,,,Model/Project/Images/Workflow/Latin/tif_latin_lines_autosplit,tif_latin_lines_4groundtruth,,,Latin Training Image,,,_book_40_Matthew,Model/Project/Images/Workflow/Latin/tif_latin_lines_4groundtruth,Model/Project/Training/staged_ground_truth
RT1,,,,MyBoxer,,,,,Model/Project/Text/EstablishTruth/Latin/txt_latin_lines_autosplit,txt_latin_lines4groundtruth,,,Latin Training Text,,,_book_40_Matthew,Model/Project/Text/EstablishTruth/Latin/txt_latin_lines4groundtruth,Model/Project/Training/staged_ground_truth
RT2
Note 1,"Each Dialog/Method Workflow sequence must end by first processing to the module’s Complete folder, followed by copying the Complete folder to the Workflow folder of the next Dialog/Method sequence."
Note 2,Each Dialog/Method sequence must conclude by then deleting the contents of the module’s Workflow folder.
Note 3,"Upon completion, the page workflow progress should be automatically recalculated,updated and displayed."
Note 4,Workflow milestones may be overridden in MyServer by editing Project Settings/Page Workflow milestones and selecting override. At which point the workflow progress is updated as if the milestone were completed normally.
Note 5,"Stage Dialog/Method must be developed.  The Stage Dialog Method is the second part of the MyServer→MyPixler handshake.  My Server places the source pdf files into the MyPixler Workflow folders. The Stage_pdf method then copies the Workflow folder contents to the Complete folder as well as the Workflow folder of the next sequence. Finally, the Workflow folder contents are removed."
Note 6,Rename Auto_Crop_Languages to Auto_Crop_Columns. Languages are assigned to columns by the New Project Wizard or by editing Project Settings
